あ,あ,言,え,ば,こ,う,言,う,（,あ,あ,い,え,ば,こ,う,い,う,）,A,A,I,E,BA,KO,U,I,U
会,う,は,別,れ,の,始,め,（,あ,う,は,わ,か,れ,の,は,じ,め,）,A,U,HA,WA,KA,RE,NO,HA,JI,ME
青,菜,に,塩,（,あ,お,な,に,し,お,）,A,O,NA,NI,SI,O
青,は,藍,よ,り,出,で,て,藍,よ,り,青,し,（,あ,お,は,あ,い,よ,り,い,で,て,あ,い,よ,り,あ,お,し,）,A,O,HA,A,I,YO,RI,I,DE,TE,A,I,YO,RI,A,O,SI
秋,の,扇,（,あ,き,の,お,う,ぎ,）,A,KI,NO,O,U,GI
秋,の,日,は,釣,瓶,落,と,し,（,あ,き,の,ひ,は,つ,る,べ,お,と,し,）,A,KI,NO,HI,HA,TU,RU,BE,O,TO,SI
悪,事,千,里,を,走,る,（,あ,く,じ,せ,ん,り,を,は,し,る,）,A,KU,JI,SE,N,RI,WO,HA,SI,RU
麻,の,中,の,蓬,（,あ,さ,の,な,か,の,よ,も,ぎ,）,A,SA,NO,NA,KA,NO,YO,MO,GI
頭,の,上,の,蝿,も,追,え,ぬ,（,あ,た,ま,の,う,え,の,は,え,も,お,え,ぬ,）,A,TA,MA,NO,U,E,NO,HA,E,MO,O,E,NU
悪,貨,は,良,貨,を,駆,逐,す,る,（,あ,っ,か,は,り,ょ,う,か,を,く,ち,く,す,る,）,A,KKA,HA,R,YO,U,KA,WO,KU,TI,KU,SU,RU
圧,巻,（,あ,っ,か,ん,）,A,KKA,N,N
羹,に,懲,り,て,膾,を,吹,く,（,あ,つ,も,の,に,こ,り,て,な,ま,す,を,ふ,く,）,A,TU,MO,NO,NI,KO,RI,TE,NA,MA,SU,WO,FU,KU
後,足,で,砂,を,掛,け,る,（,あ,と,あ,し,で,す,な,を,か,け,る,）,A,TO,A,SI,DE,SU,NA,WO,KA,KE,RU
後,の,祭,り,（,あ,と,の,ま,つ,り,）,A,TO,NO,MA,TU,RI
痘,痕,も,え,く,ぼ,（,あ,ば,た,も,え,く,ぼ,）,A,BA,TA,MO,E,KU,BO
危,な,い,橋,を,渡,る,（,あ,ぶ,な,い,は,し,を,わ,た,る,）,A,BU,NA,I,HA,SI,WO,WA,TA,RU
虻,蜂,取,ら,ず,（,あ,ぶ,は,ち,と,ら,ず,）,A,BU,HA,TI,TO,RA,ZU
雨,垂,れ,石,を,穿,つ,（,あ,ま,だ,れ,い,し,を,う,が,つ,）,A,MA,DA,RE,I,SI,WO,U,GA,TU
網,呑,舟,の,魚,を,漏,ら,す,（,あ,み,ど,ん,し,ゅ,う,の,う,お,を,も,ら,す,）,A,MI,DO,N,S,HU,U,NO,U,O,WO,MO,RA,SU
雨,降,っ,て,地,固,ま,る,（,あ,め,ふ,っ,て,じ,か,た,ま,る,）,A,ME,FU,TTE,JI,KA,TA,MA,RU
鮑,の,片,思,い,（,あ,わ,び,の,か,た,お,も,い,）,A,WA,BI,NO,KA,TA,O,MO,I
鞍,上,人,な,く,鞍,下,馬,な,し,（,あ,ん,じ,ょ,う,ひ,と,な,く,あ,ん,か,う,ま,な,し,）,A,N,JO,U,HI,TO,NA,KU,A,N,KA,U,MA,NA,SI
石,が,流,れ,て,木,の,葉,が,沈,む,（,い,し,が,な,が,れ,て,こ,の,は,が,し,ず,む,）,I,SI,GA,NA,GA,RE,TE,KO,NO,HA,GA,SI,ZU,MU
石,に,漱,ぎ,流,れ,に,枕,す,（,い,し,に,く,ち,す,す,ぎ,な,が,れ,に,ま,く,ら,す,）,I,SI,NI,KU,TI,SU,SU,GI,NA,GA,RE,NI,MA,KU,RA,SU
石,の,上,に,も,三,年,（,い,し,の,う,え,に,も,さ,ん,ね,ん,）,I,SI,NO,U,E,NI,MO,SA,NN,NE,N,N
石,橋,を,叩,い,て,渡,る,（,い,し,ば,し,を,た,た,い,て,わ,た,る,）,I,SI,BA,SI,WO,TA,TA,I,TE,WA,TA,RU
医,者,の,不,養,生,（,い,し,ゃ,の,ふ,よ,う,じ,ょ,う,）,I,S,HA,NO,FU,YO,U,JO,U
交,喙,の,嘴,（,い,す,か,の,は,し,）,I,SU,KA,NO,HA,SI
い,ず,れ,菖,蒲,か,杜,若,（,い,ず,れ,あ,や,め,か,か,き,つ,ば,た,）,I,ZU,RE,A,YA,ME,KA,KA,KI,TU,BA,TA
急,が,ば,回,れ,（,い,そ,が,ば,ま,わ,れ,）,I,SO,GA,BA,MA,WA,RE
鼬,の,最,後,っ,屁,（,い,た,ち,の,さ,い,ご,っ,ぺ,）,I,TA,TI,NO,SA,I,GO,PPE
鼬,の,道,切,り,（,い,た,ち,の,み,ち,き,り,）,I,TA,TI,NO,MI,TI,KI,RI
一,言,以,っ,て,之,を,蔽,う,（,い,ち,ご,ん,も,っ,て,こ,れ,を,お,お,う,）,I,TI,GO,N,MO,TTE,KO,RE,WO,O,O,U
一,事,が,万,事,（,い,ち,じ,が,ば,ん,じ,）,I,TI,JI,GA,BA,N,JI
一,字,千,金,（,い,ち,じ,せ,ん,き,ん,）,I,TI,JI,SE,N,KI,N,N
一,難,去,っ,て,ま,た,一,難,（,い,ち,な,ん,さ,っ,て,ま,た,い,ち,な,ん,）,I,TI,NA,N,SA,TTE,MA,TA,I,TI,NA,N,N
一,葉,落,ち,て,天,下,の,秋,を,知,る,（,い,ち,よ,う,お,ち,て,て,ん,か,の,あ,き,を,し,る,）,I,TI,YO,U,O,TI,TE,TE,N,KA,NO,A,KI,WO,SI,RU
一,挙,両,得,（,い,っ,き,ょ,り,ょ,う,と,く,）,I,KK,YO,R,YO,U,TO,KU
一,刻,千,金,（,い,っ,こ,く,せ,ん,き,ん,）,I,KKO,KU,SE,N,KI,N,N
一,刻,千,秋,（,い,っ,こ,く,せ,ん,し,ゅ,う,）,I,KKO,KU,SE,N,S,HU,U
一,将,功,成,り,て,万,骨,枯,る,（,い,っ,し,ょ,う,こ,う,な,り,て,ば,ん,こ,つ,か,る,）,I,SS,HO,U,KO,U,NA,RI,TE,BA,N,KO,TU,KA,RU
一,寸,先,は,闇,（,い,っ,す,ん,さ,き,は,や,み,）,I,SSU,N,SA,KI,HA,YA,MI
一,寸,の,光,陰,軽,ん,ず,べ,か,ら,ず,（,い,っ,す,ん,の,こ,う,い,ん,か,る,ん,ず,べ,か,ら,ず,）,I,SSU,NN,NO,KO,U,I,N,KA,RU,N,ZU,BE,KA,RA,ZU
一,寸,の,虫,に,も,五,分,の,魂,（,い,っ,す,ん,の,む,し,に,も,ご,ぶ,の,た,ま,し,い,）,I,SSU,NN,NO,MU,SI,NI,MO,GO,BU,NO,TA,MA,SI,I
一,斑,を,以,っ,て,全,豹,を,卜,す,（,い,っ,ぱ,ん,を,も,っ,て,ぜ,ん,ぴ,ょ,う,を,ぼ,く,す,）,I,PPA,N,WO,MO,TTE,ZE,N,P,YO,U,WO,BO,KU,SU
鷸,蚌,の,争,い,（,い,つ,ぼ,う,の,あ,ら,そ,い,）,I,TU,BO,U,NO,A,RA,SO,I
乙,夜,の,覧,（,い,つ,や,の,ら,ん,）,I,TU,YA,NO,RA,N,N
犬,と,猿,（,い,ぬ,と,さ,る,）,I,NU,TO,SA,RU
犬,の,遠,吠,え,（,い,ぬ,の,と,お,ぼ,え,）,I,NU,NO,TO,O,BO,E
犬,も,歩,け,ば,棒,に,当,た,る,（,い,ぬ,も,あ,る,け,ば,ぼ,う,に,あ,た,る,）,I,NU,MO,A,RU,KE,BA,BO,U,NI,A,TA,RU
命,あ,っ,て,の,物,種,（,い,の,ち,あ,っ,て,の,も,の,だ,ね,）,I,NO,TI,A,TTE,NO,MO,NO,DA,NE
井,の,中,の,蛙,大,海,を,知,ら,ず,（,い,の,な,か,の,か,わ,ず,た,い,か,い,を,し,ら,ず,）,I,NO,NA,KA,NO,KA,WA,ZU,TA,I,KA,I,WO,SI,RA,ZU
衣,鉢,を,伝,う,（,い,は,つ,を,つ,た,う,）,I,HA,TU,WO,TU,TA,U
韋,編,三,度,絶,つ,（,い,へ,ん,み,た,び,た,つ,）,I,HE,N,MI,TA,BI,TA,TU
鰯,の,頭,も,信,心,か,ら,（,い,わ,し,の,あ,た,ま,も,し,ん,じ,ん,か,ら,）,I,WA,SI,NO,A,TA,MA,MO,SI,N,JI,N,KA,RA
言,わ,ぬ,が,花,（,い,わ,ぬ,が,は,な,）,I,WA,NU,GA,HA,NA
殷,鑑,遠,か,ら,ず,（,い,ん,か,ん,と,お,か,ら,ず,）,I,N,KA,N,TO,O,KA,RA,ZU
魚,心,あ,れ,ば,水,心,（,う,お,ご,こ,ろ,あ,れ,ば,み,ず,ご,こ,ろ,）,U,O,GO,KO,RO,A,RE,BA,MI,ZU,GO,KO,RO
牛,に,引,か,れ,て,善,光,寺,参,り,（,う,し,に,ひ,か,れ,て,ぜ,ん,こ,う,じ,ま,い,り,）,U,SI,NI,HI,KA,RE,TE,ZE,N,KO,U,JI,MA,I,RI
牛,は,牛,連,れ,（,う,し,は,う,し,づ,れ,）,U,SI,HA,U,SI,DU,RE
氏,よ,り,育,ち,（,う,じ,よ,り,そ,だ,ち,）,U,JI,YO,RI,SO,DA,TI
牛,を,馬,に,乗,り,換,え,る,（,う,し,を,う,ま,に,の,り,か,え,る,）,U,SI,WO,U,MA,NI,NO,RI,KA,E,RU
嘘,か,ら,出,た,実,（,う,そ,か,ら,で,た,ま,こ,と,）,U,SO,KA,RA,DE,TA,MA,KO,TO
嘘,つ,き,は,泥,棒,の,は,じ,ま,り,（,う,そ,つ,き,は,ど,ろ,ぼ,う,の,は,じ,ま,り,）,U,SO,TU,KI,HA,DO,RO,BO,U,NO,HA,JI,MA,RI
嘘,も,方,便,（,う,そ,も,ほ,う,べ,ん,）,U,SO,MO,HO,U,BE,N,N
独,活,の,大,木,（,う,ど,の,た,い,ぼ,く,）,U,DO,NO,TA,I,BO,KU
鵜,の,真,似,を,す,る,烏,（,う,の,ま,ね,を,す,る,か,ら,す,）,U,NO,MA,NE,WO,SU,RU,KA,RA,SU
鵜,の,目,鷹,の,目,（,う,の,め,た,か,の,め,）,U,NO,ME,TA,KA,NO,ME
馬,の,耳,に,念,仏,（,う,ま,の,み,み,に,ね,ん,ぶ,つ,）,U,MA,NO,MI,MI,NI,NE,N,BU,TU
売,り,言,葉,に,買,い,言,葉,（,う,り,こ,と,ば,に,か,い,こ,と,ば,）,U,RI,KO,TO,BA,NI,KA,I,KO,TO,BA
瓜,の,蔓,に,茄,子,は,生,ら,ぬ,（,う,り,の,つ,る,に,な,す,び,は,な,ら,ぬ,）,U,RI,NO,TU,RU,NI,NA,SU,BI,HA,NA,RA,NU
噂,を,す,れ,ば,影,が,射,す,（,う,わ,さ,を,す,れ,ば,か,げ,が,さ,す,）,U,WA,SA,WO,SU,RE,BA,KA,GE,GA,SA,SU
雲,泥,の,差,（,う,ん,で,い,の,さ,）,U,N,DE,I,NO,SA
易,簀,（,え,き,さ,く,）,E,KI,SA,KU
得,手,に,帆,を,揚,げ,る,（,え,て,に,ほ,を,あ,げ,る,）,E,TE,NI,HO,WO,A,GE,RU
江,戸,の,仇,を,長,崎,で,討,つ,（,え,ど,の,か,た,き,を,な,が,さ,き,で,う,つ,）,E,DO,NO,KA,TA,KI,WO,NA,GA,SA,KI,DE,U,TU
蝦,で,鯛,を,釣,る,（,え,び,で,た,い,を,つ,る,）,E,BI,DE,TA,I,WO,TU,RU
遠,交,近,攻,（,え,ん,こ,う,き,ん,こ,う,）,E,N,KO,U,KI,N,KO,U
猿,猴,月,を,取,る,（,え,ん,こ,う,つ,き,を,と,る,）,E,N,KO,U,TU,KI,WO,TO,RU
燕,雀,安,ん,ぞ,鴻,鵠,の,志,を,知,ら,ん,（,え,ん,じ,ゃ,く,い,ず,く,ん,ぞ,こ,う,こ,く,の,こ,こ,ろ,ざ,し,を,し,ら,ん,）,E,N,JA,KU,I,ZU,KU,N,ZO,KO,U,KO,KU,NO,KO,KO,RO,ZA,SI,WO,SI,RA,N,N
偃,鼠,河,に,飲,め,ど,も,腹,を,満,た,す,に,過,ぎ,ず,（,え,ん,そ,か,わ,に,の,め,ど,も,は,ら,を,み,た,す,に,は,す,ぎ,ず,）,E,N,SO,KA,WA,NI,NO,ME,DO,MO,HA,RA,WO,MI,TA,SU,NI,HA,SU,GI,ZU
縁,の,下,の,力,持,ち,（,え,ん,の,し,た,の,ち,か,ら,も,ち,）,E,NN,NO,SI,TA,NO,TI,KA,RA,MO,TI
傍,目,八,目,（,お,か,め,は,ち,も,く,）,O,KA,ME,HA,TI,MO,KU
奥,歯,に,物,が,挟,ま,る,（,お,く,ば,に,も,の,が,は,さ,ま,る,）,O,KU,BA,NI,MO,NO,GA,HA,SA,MA,RU
驕,る,者,久,し,か,ら,ず,（,お,ご,る,も,の,ひ,さ,し,か,ら,ず,）,O,GO,RU,MO,NO,HI,SA,SI,KA,RA,ZU
小,田,原,評,定,（,お,だ,わ,ら,ひ,ょ,う,じ,ょ,う,）,O,DA,WA,RA,H,YO,U,JO,U
同,じ,穴,の,狢,（,お,な,じ,あ,な,の,む,じ,な,）,O,NA,JI,A,NA,NO,MU,JI,NA
同,じ,釜,の,飯,を,食,う,（,お,な,じ,か,ま,の,め,し,を,く,う,）,O,NA,JI,KA,MA,NO,ME,SI,WO,KU,U
鬼,が,出,る,か,蛇,が,出,る,か,（,お,に,が,で,る,か,じ,ゃ,が,で,る,か,）,O,NI,GA,DE,RU,KA,JA,GA,DE,RU,KA
鬼,が,笑,う,（,お,に,が,わ,ら,う,）,O,NI,GA,WA,RA,U
鬼,に,金,棒,（,お,に,に,か,な,ぼ,う,）,O,NI,NI,KA,NA,BO,U
鬼,の,居,ぬ,間,の,洗,濯,（,お,に,の,い,ぬ,ま,の,せ,ん,た,く,）,O,NI,NO,I,NU,MA,NO,SE,N,TA,KU
鬼,の,首,を,取,っ,た,よ,う,（,お,に,の,く,び,を,と,っ,た,よ,う,）,O,NI,NO,KU,BI,WO,TO,TTA,YO,U
鬼,の,念,仏,（,お,に,の,ね,ん,ぶ,つ,）,O,NI,NO,NE,N,BU,TU
鬼,の,目,に,も,涙,（,お,に,の,め,に,も,な,み,だ,）,O,NI,NO,ME,NI,MO,NA,MI,DA
鬼,も,十,八,番,茶,も,出,花,（,お,に,も,じ,ゅ,う,は,ち,ば,ん,ち,ゃ,も,で,ば,な,）,O,NI,MO,JU,U,HA,TI,BA,N,T,YA,MO,DE,BA,NA
帯,に,短,し,襷,に,長,し,（,お,び,に,み,じ,か,し,た,す,き,に,な,が,し,）,O,BI,NI,MI,JI,KA,SI,TA,SU,KI,NI,NA,GA,SI
溺,れ,る,者,は,藁,を,も,掴,む,（,お,ぼ,れ,る,も,の,は,わ,ら,を,も,つ,か,む,）,O,BO,RE,RU,MO,NO,HA,WA,RA,WO,MO,TU,KA,MU
親,の,心,子,知,ら,ず,（,お,や,の,こ,こ,ろ,こ,し,ら,ず,）,O,YA,NO,KO,KO,RO,KO,SI,RA,ZU
親,の,光,は,七,光,り,（,お,や,の,ひ,か,り,は,な,な,ひ,か,り,）,O,YA,NO,HI,KA,RI,HA,NA,NA,HI,KA,RI
女,賢,し,う,て,牛,売,り,損,な,う,（,お,ん,な,さ,か,し,う,て,う,し,う,り,そ,こ,な,う,）,O,NN,NA,SA,KA,SI,U,TE,U,SI,U,RI,SO,KO,NA,U
女,三,人,寄,れ,ば,姦,し,い,（,お,ん,な,さ,ん,に,ん,よ,れ,ば,か,し,ま,し,い,）,O,NN,NA,SA,NN,NI,NN,YO,RE,BA,KA,SI,MA,SI,I
飼,い,犬,に,手,を,噛,ま,れ,る,（,か,い,い,ぬ,に,て,を,か,ま,れ,る,）,KA,I,I,NU,NI,TE,WO,KA,MA,RE,RU
会,稽,の,恥,（,か,い,け,い,の,は,じ,）,KA,I,KE,I,NO,HA,JI
解,語,の,花,（,か,い,ご,の,は,な,）,KA,I,GO,NO,HA,NA
隗,よ,り,始,め,よ,（,か,い,よ,り,は,じ,め,よ,）,KA,I,YO,RI,HA,JI,ME,YO
蛙,の,子,は,蛙,（,か,え,る,の,こ,は,か,え,る,）,KA,E,RU,NO,KO,HA,KA,E,RU
蛙,の,面,に,水,（,か,え,る,の,つ,ら,に,み,ず,）,KA,E,RU,NO,TU,RA,NI,MI,ZU
蝸,牛,角,上,の,争,い,（,か,ぎ,ゅ,う,か,く,じ,ょ,う,の,あ,ら,そ,い,）,KA,G,YU,U,KA,KU,JO,U,NO,A,RA,SO,I
学,問,に,王,道,な,し,（,が,く,も,ん,に,お,う,ど,う,な,し,）,GA,KU,MO,NN,NI,O,U,DO,U,NA,SI
獲,麟,（,か,く,り,ん,）,KA,KU,RI,N,N
華,胥,の,国,に,遊,ぶ,（,か,し,ょ,の,く,に,に,あ,そ,ぶ,）,KA,S,HO,NO,KU,NI,NI,A,SO,BU
臥,薪,嘗,胆,（,が,し,ん,し,ょ,う,た,ん,）,GA,SI,N,S,HO,U,TA,N,N
苛,政,は,虎,よ,り,も,猛,し,（,か,せ,い,は,と,ら,よ,り,も,た,け,し,）,KA,SE,I,HA,TO,RA,YO,RI,MO,TA,KE,SI
渇,す,れ,ど,も,盗,泉,の,水,を,飲,ま,ず,（,か,っ,す,れ,ど,も,と,う,せ,ん,の,み,ず,を,の,ま,ず,）,KA,SSU,RE,DO,MO,TO,U,SE,NN,NO,MI,ZU,WO,NO,MA,ZU
河,童,の,川,流,れ,（,か,っ,ぱ,の,か,わ,な,が,れ,）,KA,PPA,NO,KA,WA,NA,GA,RE
河,童,の,屁,（,か,っ,ぱ,の,へ,）,KA,PPA,NO,HE
桂,を,折,る,（,か,つ,ら,を,お,る,）,KA,TU,RA,WO,O,RU
瓜,田,に,履,を,納,れ,ず,（,か,で,ん,に,く,つ,を,い,れ,ず,）,KA,DE,NN,NI,KU,TU,WO,I,RE,ZU
鼎,の,軽,重,を,問,う,（,か,な,え,の,け,い,ち,ょ,う,を,と,う,）,KA,NA,E,NO,KE,I,T,YO,U,WO,TO,U
蟹,は,甲,羅,に,似,せ,て,穴,を,掘,る,（,か,に,は,こ,う,ら,に,に,せ,て,あ,な,を,ほ,る,）,KA,NI,HA,KO,U,RA,NI,NI,SE,TE,A,NA,WO,HO,RU
金,の,切,れ,目,が,縁,の,切,れ,目,（,か,ね,の,き,れ,め,が,え,ん,の,き,れ,め,）,KA,NE,NO,KI,RE,ME,GA,E,NN,NO,KI,RE,ME
金,は,天,下,の,回,り,も,の,（,か,ね,は,て,ん,か,の,ま,わ,り,も,の,）,KA,NE,HA,TE,N,KA,NO,MA,WA,RI,MO,NO
禍,福,は,糾,え,る,縄,の,如,し,（,か,ふ,く,は,あ,ざ,な,え,る,な,わ,の,ご,と,し,）,KA,FU,KU,HA,A,ZA,NA,E,RU,NA,WA,NO,GO,TO,SI
壁,に,耳,（,か,べ,に,み,み,）,KA,BE,NI,MI,MI
果,報,は,寝,て,待,て,（,か,ほ,う,は,ね,て,ま,て,）,KA,HO,U,HA,NE,TE,MA,TE
剃,刀,の,刃,を,渡,る,（,か,み,そ,り,の,は,を,わ,た,る,）,KA,MI,SO,RI,NO,HA,WO,WA,TA,RU
亀,の,甲,よ,り,年,の,功,（,か,め,の,こ,う,よ,り,と,し,の,こ,う,）,KA,ME,NO,KO,U,YO,RI,TO,SI,NO,KO,U
鴨,が,葱,を,背,負,っ,て,来,る,（,か,も,が,ね,ぎ,を,し,ょ,っ,て,く,る,）,KA,MO,GA,NE,GI,WO,S,HO,TTE,KU,RU
痒,い,と,こ,ろ,に,手,が,届,く,（,か,ゆ,い,と,こ,ろ,に,て,が,と,ど,く,）,KA,YU,I,TO,KO,RO,NI,TE,GA,TO,DO,KU
烏,に,反,哺,の,孝,あ,り,（,か,ら,す,に,は,ん,ぽ,の,こ,う,あ,り,）,KA,RA,SU,NI,HA,N,PO,NO,KO,U,A,RI
画,龍,点,睛,（,が,り,ょ,う,て,ん,せ,い,）,GA,R,YO,U,TE,N,SE,I
枯,れ,木,に,花,（,か,れ,き,に,は,な,）,KA,RE,KI,NI,HA,NA
枯,れ,木,も,山,の,賑,わ,い,（,か,れ,き,も,や,ま,の,に,ぎ,わ,い,）,KA,RE,KI,MO,YA,MA,NO,NI,GI,WA,I
可,愛,い,子,に,は,旅,を,さ,せ,よ,（,か,わ,い,い,こ,に,は,た,び,を,さ,せ,よ,）,KA,WA,I,I,KO,NI,HA,TA,BI,WO,SA,SE,YO
可,愛,さ,余,っ,て,憎,さ,が,百,倍,（,か,わ,い,さ,あ,ま,っ,て,に,く,さ,が,ひ,ゃ,く,ば,い,）,KA,WA,I,SA,A,MA,TTE,NI,KU,SA,GA,H,YA,KU,BA,I
邯,鄲,の,歩,み,（,か,ん,た,ん,の,あ,ゆ,み,）,KA,N,TA,NN,NO,A,YU,MI
邯,鄲,の,夢,（,か,ん,た,ん,の,ゆ,め,）,KA,N,TA,NN,NO,YU,ME
艱,難,汝,を,玉,に,す,（,か,ん,な,ん,な,ん,じ,を,た,ま,に,す,）,KA,NN,NA,NN,NA,N,JI,WO,TA,MA,NI,SU
堪,忍,袋,の,緒,が,切,れ,る,（,か,ん,に,ん,ぶ,く,ろ,の,お,が,き,れ,る,）,KA,NN,NI,N,BU,KU,RO,NO,O,GA,KI,RE,RU
管,鮑,の,交,わ,り,（,か,ん,ぽ,う,の,ま,じ,わ,り,）,KA,N,PO,U,NO,MA,JI,WA,RI
聞,い,て,極,楽,見,て,地,獄,（,き,い,て,ご,く,ら,く,み,て,じ,ご,く,）,KI,I,TE,GO,KU,RA,KU,MI,TE,JI,GO,KU
奇,貨,居,く,べ,し,（,き,か,お,く,べ,し,）,KI,KA,O,KU,BE,SI
雉,も,鳴,か,ず,ば,撃,た,れ,ま,い,（,き,じ,も,な,か,ず,ば,う,た,れ,ま,い,）,KI,JI,MO,NA,KA,ZU,BA,U,TA,RE,MA,I
疑,心,暗,鬼,（,ぎ,し,ん,あ,ん,き,）,GI,SI,NN,A,N,KI
木,で,鼻,を,扱,く,る,（,き,で,は,な,を,こ,く,る,）,KI,DE,HA,NA,WO,KO,KU,RU
木,に,竹,を,接,ぐ,（,き,に,た,け,を,つ,ぐ,）,KI,NI,TA,KE,WO,TU,GU
木,に,縁,り,て,魚,を,求,む,（,き,に,よ,り,て,う,お,を,も,と,む,）,KI,NI,YO,RI,TE,U,O,WO,MO,TO,MU
昨,日,は,人,の,身,今,日,は,我,が,身,（,き,の,う,は,ひ,と,の,み,き,ょ,う,は,わ,が,み,）,KI,NO,U,HA,HI,TO,NO,MI,K,YO,U,HA,WA,GA,MI
木,の,実,は,本,へ,落,つ,（,き,の,み,は,も,と,へ,お,つ,）,KI,NO,MI,HA,MO,TO,HE,O,TU
気,は,心,（,き,は,こ,こ,ろ,）,KI,HA,KO,KO,RO
杞,憂,（,き,ゆ,う,）,KI,YU,U
九,死,に,一,生,を,得,る,（,き,ゅ,う,し,に,い,っ,し,ょ,う,を,え,る,）,K,YU,U,SI,NI,I,SS,HO,U,WO,E,RU
牛,耳,を,執,る,（,ぎ,ゅ,う,じ,を,と,る,）,G,YU,U,JI,WO,TO,RU
窮,す,れ,ば,通,ず,（,き,ゅ,う,す,れ,ば,つ,う,ず,）,K,YU,U,SU,RE,BA,TU,U,ZU
窮,鼠,猫,を,噛,む,（,き,ゅ,う,そ,ね,こ,を,か,む,）,K,YU,U,SO,NE,KO,WO,KA,MU
器,用,貧,乏,（,き,よ,う,び,ん,ぼ,う,）,KI,YO,U,BI,N,BO,U
渠,成,っ,て,水,至,る,（,き,ょ,な,っ,て,み,ず,い,た,る,）,K,YO,NA,TTE,MI,ZU,I,TA,RU
漁,夫,の,利,（,ぎ,ょ,ふ,の,り,）,G,YO,FU,NO,RI
麒,麟,も,老,い,て,は,駑,馬,に,劣,る,（,き,り,ん,も,お,い,て,は,ど,ば,に,お,と,る,）,KI,RI,N,MO,O,I,TE,HA,DO,BA,NI,O,TO,RU
金,時,の,火,事,見,舞,い,（,き,ん,と,き,の,か,じ,み,ま,い,）,KI,N,TO,KI,NO,KA,JI,MI,MA,I
臭,い,も,の,に,蓋,を,す,る,（,く,さ,い,も,の,に,ふ,た,を,す,る,）,KU,SA,I,MO,NO,NI,FU,TA,WO,SU,RU
腐,っ,て,も,鯛,（,く,さ,っ,て,も,た,い,）,KU,SA,TTE,MO,TA,I
薬,も,過,ぎ,れ,ば,毒,と,な,る,（,く,す,り,も,す,ぎ,れ,ば,ど,く,と,な,る,）,KU,SU,RI,MO,SU,GI,RE,BA,DO,KU,TO,NA,RU
糞,も,味,噌,も,一,緒,（,く,そ,も,み,そ,も,い,っ,し,ょ,）,KU,SO,MO,MI,SO,MO,I,SS,HO
口,は,禍,の,元,（,く,ち,は,わ,ざ,わ,い,の,も,と,）,KU,TI,HA,WA,ZA,WA,I,NO,MO,TO
唇,亡,び,て,歯,寒,し,（,く,ち,び,る,ほ,ろ,び,て,は,さ,む,し,）,KU,TI,BI,RU,HO,RO,BI,TE,HA,SA,MU,SI
口,も,八,丁,手,も,八,丁,（,く,ち,も,は,っ,ち,ょ,う,て,も,は,っ,ち,ょ,う,）,KU,TI,MO,HA,TT,YO,U,TE,MO,HA,TT,YO,U
国,破,れ,て,山,河,あ,り,（,く,に,や,ぶ,れ,て,さ,ん,が,あ,り,）,KU,NI,YA,BU,RE,TE,SA,N,GA,A,RI
蜘,蛛,の,子,を,散,ら,す,（,く,も,の,こ,を,ち,ら,す,）,KU,MO,NO,KO,WO,TI,RA,SU
暗,が,り,か,ら,牛,（,く,ら,が,り,か,ら,う,し,）,KU,RA,GA,RI,KA,RA,U,SI
苦,し,い,と,き,の,神,頼,み,（,く,る,し,い,と,き,の,か,み,だ,の,み,）,KU,RU,SI,I,TO,KI,NO,KA,MI,DA,NO,MI
君,子,危,う,き,に,近,寄,ら,ず,（,く,ん,し,あ,や,う,き,に,ち,か,よ,ら,ず,）,KU,N,SI,A,YA,U,KI,NI,TI,KA,YO,RA,ZU
君,子,は,豹,変,す,る,（,く,ん,し,は,ひ,ょ,う,へ,ん,す,る,）,KU,N,SI,HA,H,YO,U,HE,N,SU,RU
葷,酒,山,門,に,入,る,を,許,さ,ず,（,く,ん,し,ゅ,さ,ん,も,ん,に,い,る,を,ゆ,る,さ,ず,）,KU,N,S,HU,SA,N,MO,NN,NI,I,RU,WO,YU,RU,SA,ZU
群,盲,象,を,評,す,（,ぐ,ん,も,う,ぞ,う,を,ひ,ょ,う,す,）,GU,N,MO,U,ZO,U,WO,H,YO,U,SU
挂,冠,（,け,い,か,ん,）,KE,I,KA,N,N
鶏,群,の,一,鶴,（,け,い,ぐ,ん,の,い,っ,か,く,）,KE,I,GU,NN,NO,I,KKA,KU
鶏,口,と,な,る,も,牛,後,と,な,る,勿,れ,（,け,い,こ,う,と,な,る,も,ぎ,ゅ,う,ご,と,な,る,な,か,れ,）,KE,I,KO,U,TO,NA,RU,MO,G,YU,U,GO,TO,NA,RU,NA,KA,RE
芸,術,は,長,く,人,生,は,短,し,（,げ,い,じ,ゅ,つ,は,な,が,く,じ,ん,せ,い,は,み,じ,か,し,）,GE,I,JU,TU,HA,NA,GA,KU,JI,N,SE,I,HA,MI,JI,KA,SI
蛍,雪,（,け,い,せ,つ,）,KE,I,SE,TU
兄,た,り,難,く,弟,た,り,難,し,（,け,い,た,り,が,た,く,て,い,な,り,が,た,し,）,KE,I,TA,RI,GA,TA,KU,TE,I,NA,RI,GA,TA,SI
鶏,鳴,狗,盗,（,け,い,め,い,く,と,う,）,KE,I,ME,I,KU,TO,U
怪,我,の,功,名,（,け,が,の,こ,う,み,ょ,う,）,KE,GA,NO,KO,U,M,YO,U
逆,鱗,（,げ,き,り,ん,）,GE,KI,RI,N,N
月,下,氷,人,（,げ,っ,か,ひ,ょ,う,じ,ん,）,GE,KKA,H,YO,U,JI,N,N
毛,を,吹,い,て,疵,を,求,め,る,（,け,を,ふ,い,て,き,ず,を,も,と,め,る,）,KE,WO,FU,I,TE,KI,ZU,WO,MO,TO,ME,RU
涓,滴,岩,を,穿,つ,（,け,ん,て,き,い,わ,を,う,が,つ,）,KE,N,TE,KI,I,WA,WO,U,GA,TU
恋,は,思,案,の,外,（,こ,い,は,し,あ,ん,の,ほ,か,）,KO,I,HA,SI,A,NN,NO,HO,KA
光,陰,矢,の,如,し,（,こ,う,い,ん,や,の,ご,と,し,）,KO,U,I,NN,YA,NO,GO,TO,SI
後,悔,先,に,立,た,ず,（,こ,う,か,い,さ,き,に,た,た,ず,）,KO,U,KA,I,SA,KI,NI,TA,TA,ZU
好,事,魔,多,し,（,こ,う,じ,ま,お,お,し,）,KO,U,JI,MA,O,O,SI
弘,法,も,筆,の,誤,ま,り,（,こ,う,ぼ,う,も,ふ,で,の,あ,や,ま,り,）,KO,U,BO,U,MO,FU,DE,NO,A,YA,MA,RI
弘,法,筆,を,選,ば,ず,（,こ,う,ぼ,う,ふ,で,を,え,ら,ば,ず,）,KO,U,BO,U,FU,DE,WO,E,RA,BA,ZU
高,木,は,風,に,折,ら,る,（,こ,う,ぼ,く,は,か,ぜ,に,お,ら,る,）,KO,U,BO,KU,HA,KA,ZE,NI,O,RA,RU
紺,屋,の,明,後,日,（,こ,う,や,の,あ,さ,っ,て,）,KO,U,YA,NO,A,SA,TTE
紺,屋,の,白,袴,（,こ,ん,や,の,し,ろ,ば,か,ま,）,KO,NN,YA,NO,SI,RO,BA,KA,MA
呉,越,同,舟,（,ご,え,つ,ど,う,し,ゅ,う,）,GO,E,TU,DO,U,S,HU,U
呉,下,の,阿,蒙,（,ご,か,の,あ,も,う,）,GO,KA,NO,A,MO,U
故,郷,へ,錦,を,飾,る,（,こ,き,ょ,う,へ,に,し,き,を,か,ざ,る,）,KO,K,YO,U,HE,NI,SI,KI,WO,KA,ZA,RU
虎,穴,に,入,ら,ず,ん,ば,虎,子,を,得,ず,（,こ,け,つ,に,い,ら,ず,ん,ば,こ,じ,を,え,ず,）,KO,KE,TU,NI,I,RA,ZU,N,BA,KO,JI,WO,E,ZU
五,十,歩,百,歩,（,ご,じ,ゅ,っ,ぽ,ひ,ゃ,っ,ぽ,）,GO,JU,PPO,H,YA,PPO
壺,中,の,天,地,（,こ,ち,ゅ,う,の,て,ん,ち,）,KO,T,YU,U,NO,TE,N,TI
子,は,三,界,の,首,枷,（,こ,は,さ,ん,が,い,の,く,び,か,せ,）,KO,HA,SA,N,GA,I,NO,KU,BI,KA,SE
鼓,腹,撃,壌,（,こ,ふ,く,げ,き,じ,ょ,う,）,KO,FU,KU,GE,KI,JO,U
田,作,の,歯,軋,り,（,ご,ま,め,の,は,ぎ,し,り,）,GO,MA,ME,NO,HA,GI,SI,RI
子,ゆ,え,の,闇,（,こ,ゆ,え,の,や,み,）,KO,YU,E,NO,YA,MI
転,ば,ぬ,先,の,杖,（,こ,ろ,ば,ぬ,さ,き,の,つ,え,）,KO,RO,BA,NU,SA,KI,NO,TU,E
塞,翁,が,馬,（,さ,い,お,う,が,う,ま,）,SA,I,O,U,GA,U,MA
先,ん,ず,れ,ば,人,を,制,す,（,さ,き,ん,ず,れ,ば,ひ,と,を,せ,い,す,）,SA,KI,N,ZU,RE,BA,HI,TO,WO,SE,I,SU
策,士,策,に,溺,れ,る,（,さ,く,し,さ,く,に,お,ぼ,れ,る,）,SA,KU,SI,SA,KU,NI,O,BO,RE,RU
酒,は,百,薬,の,長,（,さ,け,は,ひ,ゃ,く,や,く,の,ち,ょ,う,）,SA,KE,HA,H,YA,KU,YA,KU,NO,T,YO,U
左,袒,（,さ,た,ん,）,SA,TA,N,N
五,月,の,鯉,の,吹,流,し,（,さ,つ,き,の,こ,い,の,ふ,き,な,が,し,）,SA,TU,KI,NO,KO,I,NO,FU,KI,NA,GA,SI
猿,も,木,か,ら,落,ち,る,（,さ,る,も,き,か,ら,お,ち,る,）,SA,RU,MO,KI,KA,RA,O,TI,RU
去,る,者,は,追,わ,ず,（,さ,る,も,の,は,お,わ,ず,）,SA,RU,MO,NO,HA,O,WA,ZU
去,る,者,は,日,々,に,疎,し,（,さ,る,も,の,は,ひ,び,に,う,と,し,）,SA,RU,MO,NO,HA,HI,BI,NI,U,TO,SI
触,ら,ぬ,神,に,祟,り,な,し,（,さ,わ,ら,ぬ,か,み,に,た,た,り,な,し,）,SA,WA,RA,NU,KA,MI,NI,TA,TA,RI,NA,SI
三,顧,の,礼,（,さ,ん,こ,の,れ,い,）,SA,N,KO,NO,RE,I
三,十,六,計,逃,げ,る,に,如,か,ず,（,さ,ん,じ,ゅ,う,ろ,っ,け,い,に,げ,る,に,し,か,ず,）,SA,N,JU,U,RO,KKE,I,NI,GE,RU,NI,SI,KA,ZU
山,椒,は,小,粒,で,も,ぴ,り,り,と,辛,い,（,さ,ん,し,ょ,う,は,こ,つ,ぶ,で,も,ぴ,り,り,と,か,ら,い,）,SA,N,S,HO,U,HA,KO,TU,BU,DE,MO,PI,RI,RI,TO,KA,RA,I
三,人,寄,れ,ば,文,殊,の,知,恵,（,さ,ん,に,ん,よ,れ,ば,も,ん,じ,ゅ,の,ち,え,）,SA,NN,NI,NN,YO,RE,BA,MO,N,JU,NO,TI,E
鹿,を,逐,う,者,は,山,を,見,ず,（,し,か,を,お,う,も,の,は,や,ま,を,み,ず,）,SI,KA,WO,O,U,MO,NO,HA,YA,MA,WO,MI,ZU
鹿,を,指,し,て,馬,と,為,す,（,し,か,を,さ,し,て,う,ま,と,な,す,）,SI,KA,WO,SA,SI,TE,U,MA,TO,NA,SU
地,獄,で,仏,に,会,う,（,じ,ご,く,で,ほ,と,け,に,あ,う,）,JI,GO,KU,DE,HO,TO,KE,NI,A,U
肉,食,っ,た,報,い,（,し,し,く,っ,た,む,く,い,）,SI,SI,KU,TTA,MU,KU,I
獅,子,身,中,の,虫,（,し,し,し,ん,ち,ゅ,う,の,む,し,）,SI,SI,SI,N,T,YU,U,NO,MU,SI
事,実,は,小,説,よ,り,も,奇,な,り,（,じ,じ,つ,は,し,ょ,う,せ,つ,よ,り,も,き,な,り,）,JI,JI,TU,HA,S,HO,U,SE,TU,YO,RI,MO,KI,NA,RI
獅,子,の,子,落,と,し,（,し,し,の,こ,お,と,し,）,SI,SI,NO,KO,O,TO,SI
死,児,の,齢,を,数,え,る,（,し,じ,の,よ,わ,い,を,か,ぞ,え,る,）,SI,JI,NO,YO,WA,I,WO,KA,ZO,E,RU
士,族,の,商,法,（,し,ぞ,く,の,し,ょ,う,ほ,う,）,SI,ZO,KU,NO,S,HO,U,HO,U
七,歩,の,才,（,し,ち,ほ,の,さ,い,）,SI,TI,HO,NO,SA,I
死,人,に,口,な,し,（,し,に,ん,に,く,ち,な,し,）,SI,NI,NN,NI,KU,TI,NA,SI
死,馬,の,骨,を,買,う,（,し,ば,の,ほ,ね,を,か,う,）,SI,BA,NO,HO,NE,WO,KA,U
四,面,楚,歌,（,し,め,ん,そ,か,）,SI,ME,N,SO,KA
釈,迦,に,説,法,（,し,ゃ,か,に,せ,っ,ぽ,う,）,S,HA,KA,NI,SE,PPO,U
杓,子,定,規,（,し,ゃ,く,し,じ,ょ,う,ぎ,）,S,HA,KU,SI,JO,U,GI
蛇,の,道,は,蛇,（,じ,ゃ,の,み,ち,は,へ,び,）,JA,NO,MI,TI,HA,HE,BI
重,箱,の,隅,を,楊,枝,で,穿,る,（,じ,ゅ,う,ば,こ,の,す,み,を,よ,う,じ,で,ほ,じ,く,る,）,JU,U,BA,KO,NO,SU,MI,WO,YO,U,JI,DE,HO,JI,KU,RU
守,株,（,し,ゅ,し,ゅ,）,S,HU,S,HU
出,盧,（,し,ゅ,つ,ろ,）,S,HU,TU,RO
朱,に,交,わ,れ,ば,赤,く,な,る,（,し,ゅ,に,ま,じ,わ,れ,ば,あ,か,く,な,る,）,S,HU,NI,MA,JI,WA,RE,BA,A,KA,KU,NA,RU
正,直,の,頭,に,神,宿,る,（,し,ょ,う,じ,き,の,こ,う,べ,に,か,み,や,ど,る,）,S,HO,U,JI,KI,NO,KO,U,BE,NI,KA,MI,YA,DO,RU
上,知,と,下,愚,と,は,移,ら,ず,（,じ,ょ,う,ち,と,か,ぐ,と,は,う,つ,ら,ず,）,JO,U,TI,TO,KA,GU,TO,HA,U,TU,RA,ZU
食,指,が,動,く,（,し,ょ,く,し,が,う,ご,く,）,S,HO,KU,SI,GA,U,GO,KU
知,ら,ぬ,が,仏,（,し,ら,ぬ,が,ほ,と,け,）,SI,RA,NU,GA,HO,TO,KE
白,羽,の,矢,が,立,つ,（,し,ら,は,の,や,が,た,つ,）,SI,RA,HA,NO,YA,GA,TA,TU
尻,馬,に,乗,る,（,し,り,う,ま,に,の,る,）,SI,RI,U,MA,NI,NO,RU
人,事,を,尽,く,し,て,天,命,を,待,つ,（,じ,ん,じ,を,つ,く,し,て,て,ん,め,い,を,ま,つ,）,JI,N,JI,WO,TU,KU,SI,TE,TE,N,ME,I,WO,MA,TU
水,魚,の,交,わ,り,（,す,い,ぎ,ょ,の,ま,じ,わ,り,）,SU,I,G,YO,NO,MA,JI,WA,RI
推,敲,（,す,い,こ,う,）,SU,I,KO,U
粋,は,身,を,食,う,（,す,い,は,み,を,く,う,）,SU,I,HA,MI,WO,KU,U
酸,い,も,甘,い,も,噛,み,分,け,た,（,す,い,も,あ,ま,い,も,か,み,わ,け,た,）,SU,I,MO,A,MA,I,MO,KA,MI,WA,KE,TA
据,膳,食,わ,ぬ,は,男,の,恥,（,す,え,ぜ,ん,く,わ,ぬ,は,お,と,こ,の,は,じ,）,SU,E,ZE,N,KU,WA,NU,HA,O,TO,KO,NO,HA,JI
好,き,こ,そ,物,の,上,手,な,れ,（,す,き,こ,そ,も,の,の,じ,ょ,う,ず,な,れ,）,SU,KI,KO,SO,MO,NO,NO,JO,U,ZU,NA,RE
過,ぎ,た,る,は,及,ば,ざ,る,が,如,し,（,す,ぎ,た,る,は,お,よ,ば,ざ,る,が,ご,と,し,）,SU,GI,TA,RU,HA,O,YO,BA,ZA,RU,GA,GO,TO,SI
杜,撰,（,ず,さ,ん,）,ZU,SA,N,N
雀,の,涙,（,す,ず,め,の,な,み,だ,）,SU,ZU,ME,NO,NA,MI,DA
雀,百,ま,で,踊,り,忘,れ,ず,（,す,ず,め,ひ,ゃ,く,ま,で,お,ど,り,わ,す,れ,ず,）,SU,ZU,ME,H,YA,KU,MA,DE,O,DO,RI,WA,SU,RE,ZU
住,め,ば,都,（,す,め,ば,み,や,こ,）,SU,ME,BA,MI,YA,KO
青,眼,（,せ,い,が,ん,）,SE,I,GA,N,N
精,神,一,到,何,事,か,成,ら,ざ,ら,ん,（,せ,い,し,ん,い,っ,と,う,な,に,ご,と,か,な,ら,ざ,ら,ん,）,SE,I,SI,NN,I,TTO,U,NA,NI,GO,TO,KA,NA,RA,ZA,RA,N,N
噬,臍,（,ぜ,い,せ,い,）,ZE,I,SE,I
清,濁,併,せ,呑,む,（,せ,い,だ,く,あ,わ,せ,の,む,）,SE,I,DA,KU,A,WA,SE,NO,MU
清,談,（,せ,い,だ,ん,）,SE,I,DA,N,N
青,天,の,霹,靂,（,せ,い,て,ん,の,へ,き,れ,き,）,SE,I,TE,NN,NO,HE,KI,RE,KI
積,善,の,家,に,余,慶,あ,り,（,せ,き,ぜ,ん,の,い,え,に,よ,け,い,あ,り,）,SE,KI,ZE,NN,NO,I,E,NI,YO,KE,I,A,RI
折,角,（,せ,っ,か,く,）,SE,KKA,KU
折,檻,（,せ,っ,か,ん,）,SE,KKA,N,N
背,に,腹,は,替,え,ら,れ,ぬ,（,せ,に,は,ら,は,か,え,ら,れ,ぬ,）,SE,NI,HA,RA,HA,KA,E,RA,RE,NU
前,車,の,覆,る,は,後,車,の,戒,め,（,ぜ,ん,し,ゃ,の,く,つ,が,え,る,は,こ,う,し,ゃ,の,い,ま,し,め,）,ZE,N,S,HA,NO,KU,TU,GA,E,RU,HA,KO,U,S,HA,NO,I,MA,SI,ME
前,車,の,轍,（,ぜ,ん,し,ゃ,の,て,つ,）,ZE,N,S,HA,NO,TE,TU
栴,檀,は,二,葉,よ,り,芳,し,（,せ,ん,だ,ん,は,ふ,た,ば,よ,り,か,ん,ば,し,）,SE,N,DA,N,HA,FU,TA,BA,YO,RI,KA,N,BA,SI
船,頭,多,く,し,て,船,山,に,登,る,（,せ,ん,ど,う,お,お,く,し,て,ふ,ね,や,ま,に,の,ぼ,る,）,SE,N,DO,U,O,O,KU,SI,TE,FU,NE,YA,MA,NI,NO,BO,RU
善,は,急,げ,（,ぜ,ん,は,い,そ,げ,）,ZE,N,HA,I,SO,GE
滄,海,の,一,粟,（,そ,う,か,い,の,い,ち,ぞ,く,）,SO,U,KA,I,NO,I,TI,ZO,KU
喪,家,の,狗,（,そ,う,か,の,い,ぬ,）,SO,U,KA,NO,I,NU
宋,襄,の,仁,（,そ,う,じ,ょ,う,の,じ,ん,）,SO,U,JO,U,NO,JI,N,N
総,領,の,甚,六,（,そ,う,り,ょ,う,の,じ,ん,ろ,く,）,SO,U,R,YO,U,NO,JI,N,RO,KU
俎,上,の,魚,（,そ,じ,ょ,う,の,う,お,）,SO,JO,U,NO,U,O
袖,振,り,合,う,も,多,生,の,縁,（,そ,で,ふ,り,あ,う,も,た,し,ょ,う,の,え,ん,）,SO,DE,FU,RI,A,U,MO,TA,S,HO,U,NO,E,N,N
大,海,は,芥,を,択,ば,ず,（,た,い,か,い,は,あ,く,た,を,え,ら,ば,ず,）,TA,I,KA,I,HA,A,KU,TA,WO,E,RA,BA,ZU
大,疑,は,大,悟,の,基,（,た,い,ぎ,は,た,い,ご,の,も,と,）,TA,I,GI,HA,TA,I,GO,NO,MO,TO
大,器,晩,成,（,た,い,き,ば,ん,せ,い,）,TA,I,KI,BA,N,SE,I
大,賢,は,愚,な,る,が,如,し,（,た,い,け,ん,は,ぐ,な,る,が,ご,と,し,）,TA,I,KE,N,HA,GU,NA,RU,GA,GO,TO,SI
太,公,望,（,た,い,こ,う,ぼ,う,）,TA,I,KO,U,BO,U
大,山,鳴,動,し,て,鼠,一,匹,（,た,い,ざ,ん,め,い,ど,う,し,て,ね,ず,み,い,っ,ぴ,き,）,TA,I,ZA,N,ME,I,DO,U,SI,TE,NE,ZU,MI,I,PPI,KI
大,事,の,前,の,小,事,（,だ,い,じ,の,ま,え,の,し,ょ,う,じ,）,DA,I,JI,NO,MA,E,NO,S,HO,U,JI
鯛,の,尾,よ,り,鰯,の,頭,（,た,い,の,お,よ,り,い,わ,し,の,あ,た,ま,）,TA,I,NO,O,YO,RI,I,WA,SI,NO,A,TA,MA
大,は,小,を,兼,ね,る,（,だ,い,は,し,ょ,う,を,か,ね,る,）,DA,I,HA,S,HO,U,WO,KA,NE,RU
大,勇,は,闘,わ,ず,（,た,い,ゆ,う,は,た,た,か,わ,ず,）,TA,I,YU,U,HA,TA,TA,KA,WA,ZU
大,欲,は,無,欲,に,似,た,り,（,た,い,よ,く,は,む,よ,く,に,に,た,り,）,TA,I,YO,KU,HA,MU,YO,KU,NI,NI,TA,RI
宝,の,持,ち,腐,れ,（,た,か,ら,の,も,ち,ぐ,さ,れ,）,TA,KA,RA,NO,MO,TI,GU,SA,RE
多,岐,亡,羊,（,た,き,ぼ,う,よ,う,）,TA,KI,BO,U,YO,U
多,芸,は,無,芸,（,た,げ,い,は,む,げ,い,）,TA,GE,I,HA,MU,GE,I
竹,屋,の,火,事,（,た,け,や,の,か,じ,）,TA,KE,YA,NO,KA,JI
竹,薮,に,矢,を,射,る,（,た,け,や,ぶ,に,や,を,い,る,）,TA,KE,YA,BU,NI,YA,WO,I,RU
他,山,の,石,（,た,ざ,ん,の,い,し,）,TA,ZA,NN,NO,I,SI
多,勢,に,無,勢,（,た,ぜ,い,に,ぶ,ぜ,い,）,TA,ZE,I,NI,BU,ZE,I
蛇,足,（,だ,そ,く,）,DA,SO,KU
多,々,益,々,弁,ず,（,た,た,ま,す,ま,す,べ,ん,ず,）,TA,TA,MA,SU,MA,SU,BE,N,ZU
畳,の,上,の,水,練,（,た,た,み,の,う,え,の,す,い,れ,ん,）,TA,TA,MI,NO,U,E,NO,SU,I,RE,N,N
た,だ,よ,り,高,い,も,の,は,無,い,（,た,だ,よ,り,た,か,い,も,の,は,な,い,）,TA,DA,YO,RI,TA,KA,I,MO,NO,HA,NA,I
立,つ,鳥,跡,を,濁,さ,ず,（,た,つ,と,り,あ,と,を,に,ご,さ,ず,）,TA,TU,TO,RI,A,TO,WO,NI,GO,SA,ZU
立,て,板,に,水,（,た,て,い,た,に,み,ず,）,TA,TE,I,TA,NI,MI,ZU
蓼,食,う,虫,も,好,き,好,き,（,た,で,く,う,む,し,も,す,き,ず,き,）,TA,DE,KU,U,MU,SI,MO,SU,KI,ZU,KI
棚,か,ら,牡,丹,餅,（,た,な,か,ら,ぼ,た,も,ち,）,TA,NA,KA,RA,BO,TA,MO,TI
他,人,の,疝,気,を,頭,痛,に,病,む,（,た,に,ん,の,せ,ん,き,を,ず,つ,う,に,や,む,）,TA,NI,NN,NO,SE,N,KI,WO,ZU,TU,U,NI,YA,MU
旅,の,恥,は,掻,き,捨,て,（,た,び,の,は,じ,は,か,き,す,て,）,TA,BI,NO,HA,JI,HA,KA,KI,SU,TE
旅,は,道,連,れ,世,は,情,（,た,び,は,み,ち,づ,れ,よ,は,な,さ,け,）,TA,BI,HA,MI,TI,DU,RE,YO,HA,NA,SA,KE
卵,に,目,鼻,（,た,ま,ご,に,め,は,な,）,TA,MA,GO,NI,ME,HA,NA
玉,に,瑕,（,た,ま,に,き,ず,）,TA,MA,NI,KI,ZU
短,気,は,損,気,（,た,ん,き,は,そ,ん,き,）,TA,N,KI,HA,SO,N,KI
知,音,（,ち,い,ん,）,TI,I,N,N
池,魚,の,災,い,（,ち,ぎ,ょ,の,わ,ざ,わ,い,）,TI,G,YO,NO,WA,ZA,WA,I
竹,馬,の,友,（,ち,く,ば,の,と,も,）,TI,KU,BA,NO,TO,MO
血,で,血,を,洗,う,（,ち,で,ち,を,あ,ら,う,）,TI,DE,TI,WO,A,RA,U
茶,腹,も,一,時,（,ち,ゃ,ば,ら,も,い,っ,と,き,）,T,YA,BA,RA,MO,I,TTO,KI
忠,言,は,耳,に,逆,ら,う,（,ち,ゅ,う,げ,ん,は,み,み,に,さ,か,ら,う,）,T,YU,U,GE,N,HA,MI,MI,NI,SA,KA,RA,U
朝,三,暮,四,（,ち,ょ,う,さ,ん,ぼ,し,）,T,YO,U,SA,N,BO,SI
提,灯,に,釣,鐘,（,ち,ょ,う,ち,ん,に,つ,り,が,ね,）,T,YO,U,TI,NN,NI,TU,RI,GA,NE
朝,令,暮,改,（,ち,ょ,う,れ,い,ぼ,か,い,）,T,YO,U,RE,I,BO,KA,I
塵,も,積,も,れ,ば,山,と,な,る,（,ち,り,も,つ,も,れ,ば,や,ま,と,な,る,）,TI,RI,MO,TU,MO,RE,BA,YA,MA,TO,NA,RU
月,と,鼈,（,つ,き,と,す,っ,ぽ,ん,）,TU,KI,TO,SU,PPO,N,N
月,に,叢,雲,、,花,に,風,（,つ,き,に,む,ら,く,も,、,は,な,に,か,ぜ,）,TU,KI,NI,MU,RA,KU,MO,、,HA,NA,NI,KA,ZE
月,夜,に,釜,を,抜,か,れ,る,（,つ,き,よ,に,か,ま,を,ぬ,か,れ,る,）,TU,KI,YO,NI,KA,MA,WO,NU,KA,RE,RU
月,夜,に,提,灯,（,つ,き,よ,に,ち,ょ,う,ち,ん,）,TU,KI,YO,NI,T,YO,U,TI,N,N
土,一,升,に,金,一,升,（,つ,ち,い,っ,し,ょ,う,に,か,ね,い,っ,し,ょ,う,）,TU,TI,I,SS,HO,U,NI,KA,NE,I,SS,HO,U
角,を,矯,め,て,牛,を,殺,す,（,つ,の,を,た,め,て,う,し,を,こ,ろ,す,）,TU,NO,WO,TA,ME,TE,U,SI,WO,KO,RO,SU
爪,に,火,を,灯,す,（,つ,め,に,ひ,を,と,も,す,）,TU,ME,NI,HI,WO,TO,MO,SU
爪,の,垢,を,煎,じ,て,飲,む,（,つ,め,の,あ,か,を,せ,ん,じ,て,の,む,）,TU,ME,NO,A,KA,WO,SE,N,JI,TE,NO,MU
鶴,の,一,声,（,つ,る,の,ひ,と,こ,え,）,TU,RU,NO,HI,TO,KO,E
鶴,は,千,年,亀,は,万,年,（,つ,る,は,せ,ん,ね,ん,か,め,は,ま,ん,ね,ん,）,TU,RU,HA,SE,NN,NE,N,KA,ME,HA,MA,NN,NE,N,N
聾,の,早,耳,（,つ,ん,ぼ,の,は,や,み,み,）,TU,N,BO,NO,HA,YA,MI,MI
亭,主,の,好,き,な,赤,烏,帽,子,（,て,い,し,ゅ,の,す,き,な,あ,か,え,ぼ,し,）,TE,I,S,HU,NO,SU,KI,NA,A,KA,E,BO,SI
泥,中,の,蓮,（,で,い,ち,ゅ,う,の,は,ち,す,）,DE,I,T,YU,U,NO,HA,TI,SU
敵,は,本,能,寺,に,在,り,（,て,き,は,ほ,ん,の,う,じ,に,あ,り,）,TE,KI,HA,HO,NN,NO,U,JI,NI,A,RI
梃,子,で,も,動,か,な,い,（,て,こ,で,も,う,ご,か,な,い,）,TE,KO,DE,MO,U,GO,KA,NA,I
手,鍋,を,提,げ,る,（,て,な,べ,を,さ,げ,る,）,TE,NA,BE,WO,SA,GE,RU
出,る,杭,は,打,た,れ,る,（,で,る,く,い,は,う,た,れ,る,）,DE,RU,KU,I,HA,U,TA,RE,RU
天,衣,無,縫,（,て,ん,い,む,ほ,う,）,TE,NN,I,MU,HO,U
椽,大,の,筆,（,て,ん,だ,い,の,ふ,で,）,TE,N,DA,I,NO,FU,DE
天,高,く,馬,肥,ゆ,る,（,て,ん,た,か,く,う,ま,こ,ゆ,る,）,TE,N,TA,KA,KU,U,MA,KO,YU,RU
天,に,唾,す,る,（,て,ん,に,つ,ば,す,る,）,TE,NN,NI,TU,BA,SU,RU
天,馬,空,を,行,く,（,て,ん,ば,く,う,を,ゆ,く,）,TE,N,BA,KU,U,WO,YU,KU
天,は,二,物,を,与,え,ず,（,て,ん,は,に,ぶ,つ,を,あ,た,え,ず,）,TE,N,HA,NI,BU,TU,WO,A,TA,E,ZU
天,は,自,ら,助,く,る,者,を,助,く,（,て,ん,は,み,ず,か,ら,た,す,く,る,も,の,を,た,す,く,）,TE,N,HA,MI,ZU,KA,RA,TA,SU,KU,RU,MO,NO,WO,TA,SU,KU
灯,台,下,暗,し,（,と,う,だ,い,も,と,く,ら,し,）,TO,U,DA,I,MO,TO,KU,RA,SI
問,う,に,落,ち,ず,語,る,に,落,つ,（,と,う,に,お,ち,ず,か,た,る,に,お,つ,）,TO,U,NI,O,TI,ZU,KA,TA,RU,NI,O,TU
豆,腐,に,鎹,（,と,う,ふ,に,か,す,が,い,）,TO,U,FU,NI,KA,SU,GA,I
東,奔,西,走,（,と,う,ほ,ん,せ,い,そ,う,）,TO,U,HO,N,SE,I,SO,U
桃,李,言,わ,ざ,れ,ど,も,下,自,ず,か,ら,蹊,を,成,す,（,と,う,り,い,わ,ざ,れ,ど,も,し,た,お,の,ず,か,ら,け,い,を,な,す,）,TO,U,RI,I,WA,ZA,RE,DO,MO,SI,TA,O,NO,ZU,KA,RA,KE,I,WO,NA,SU
登,竜,門,（,と,う,り,ゅ,う,も,ん,）,TO,U,R,YU,U,MO,N,N
十,日,の,菊,（,と,お,か,の,き,く,）,TO,O,KA,NO,KI,KU
遠,く,の,親,類,よ,り,近,く,の,他,人,（,と,お,く,の,し,ん,る,い,よ,り,ち,か,く,の,た,に,ん,）,TO,O,KU,NO,SI,N,RU,I,YO,RI,TI,KA,KU,NO,TA,NI,N,N
時,は,金,な,り,（,と,き,は,か,ね,な,り,）,TO,KI,HA,KA,NE,NA,RI
読,書,百,遍,意,自,ず,か,ら,通,ず,（,ど,く,し,ょ,ひ,ゃ,っ,ぺ,ん,い,お,の,ず,か,ら,つ,う,ず,）,DO,KU,S,HO,H,YA,PPE,NN,I,O,NO,ZU,KA,RA,TU,U,ZU
毒,を,食,ら,わ,ば,皿,ま,で,（,ど,く,を,く,ら,わ,ば,さ,ら,ま,で,）,DO,KU,WO,KU,RA,WA,BA,SA,RA,MA,DE
毒,を,以,っ,て,毒,を,制,す,（,ど,く,を,も,っ,て,ど,く,を,せ,い,す,）,DO,KU,WO,MO,TTE,DO,KU,WO,SE,I,SU
所,変,わ,れ,ば,品,変,わ,る,（,と,こ,ろ,か,わ,れ,ば,し,な,か,わ,る,）,TO,KO,RO,KA,WA,RE,BA,SI,NA,KA,WA,RU
年,に,は,勝,て,ぬ,（,と,し,に,は,か,て,ぬ,）,TO,SI,NI,HA,KA,TE,NU
年,寄,り,の,冷,や,水,（,と,し,よ,り,の,ひ,や,み,ず,）,TO,SI,YO,RI,NO,HI,YA,MI,ZU
図,南,（,と,な,ん,）,TO,NA,N,N
斗,南,の,一,人,（,と,な,ん,の,い,ち,に,ん,）,TO,NA,NN,NO,I,TI,NI,N,N
駑,馬,に,鞭,打,つ,（,ど,ば,に,む,ち,う,つ,）,DO,BA,NI,MU,TI,U,TU
鳶,が,鷹,を,生,む,（,と,ん,び,が,た,か,を,う,む,）,TO,N,BI,GA,TA,KA,WO,U,MU
飛,ぶ,鳥,を,落,と,す,（,と,ぶ,と,り,を,お,と,す,）,TO,BU,TO,RI,WO,O,TO,SU
虎,の,威,を,借,る,狐,（,と,ら,の,い,を,か,る,き,つ,ね,）,TO,RA,NO,I,WO,KA,RU,KI,TU,NE
虎,は,死,し,て,皮,を,残,す,（,と,ら,は,し,し,て,か,わ,を,の,こ,す,）,TO,RA,HA,SI,SI,TE,KA,WA,WO,NO,KO,SU
鳥,無,き,里,の,蝙,蝠,（,と,り,な,き,さ,と,の,こ,う,も,り,）,TO,RI,NA,KI,SA,TO,NO,KO,U,MO,RI
泥,棒,を,見,て,縄,を,綯,う,（,ど,ろ,ぼ,う,を,み,て,な,わ,を,な,う,）,DO,RO,BO,U,WO,MI,TE,NA,WA,WO,NA,U
ど,ん,ぐ,り,の,背,比,べ,（,ど,ん,ぐ,り,の,せ,い,く,ら,べ,）,DO,N,GU,RI,NO,SE,I,KU,RA,BE
無,い,袖,は,振,れ,な,い,（,な,い,そ,で,は,ふ,れ,な,い,）,NA,I,SO,DE,HA,FU,RE,NA,I
泣,い,て,馬,謖,を,斬,る,（,な,い,て,ば,し,ょ,く,を,き,る,）,NA,I,TE,BA,S,HO,KU,WO,KI,RU
長,い,物,に,は,巻,か,れ,ろ,（,な,が,い,も,の,に,は,ま,か,れ,ろ,）,NA,GA,I,MO,NO,NI,HA,MA,KA,RE,RO
泣,き,面,に,蜂,（,な,き,つ,ら,に,は,ち,）,NA,KI,TU,RA,NI,HA,TI
泣,く,子,と,地,頭,に,は,勝,て,ぬ,（,な,く,こ,と,じ,と,う,に,は,か,て,ぬ,）,NA,KU,KO,TO,JI,TO,U,NI,HA,KA,TE,NU
情,け,は,人,の,為,な,ら,ず,（,な,さ,け,は,ひ,と,の,た,め,な,ら,ず,）,NA,SA,KE,HA,HI,TO,NO,TA,ME,NA,RA,ZU
七,重,の,膝,を,八,重,に,折,る,（,な,な,え,の,ひ,ざ,を,や,え,に,お,る,）,NA,NA,E,NO,HI,ZA,WO,YA,E,NI,O,RU
名,は,体,を,表,わ,す,（,な,は,た,い,を,あ,ら,わ,す,）,NA,HA,TA,I,WO,A,RA,WA,SU
怠,け,者,の,節,句,働,き,（,な,ま,け,も,の,の,せ,っ,く,ば,た,ら,き,）,NA,MA,KE,MO,NO,NO,SE,KKU,BA,TA,RA,KI
蛞,蝓,に,塩,（,な,め,く,じ,に,し,お,）,NA,ME,KU,JI,NI,SI,O
名,を,取,る,よ,り,実,を,取,れ,（,な,を,と,る,よ,り,じ,つ,を,と,れ,）,NA,WO,TO,RU,YO,RI,JI,TU,WO,TO,RE
南,柯,の,夢,（,な,ん,か,の,ゆ,め,）,NA,N,KA,NO,YU,ME
煮,え,湯,を,飲,ま,さ,れ,る,（,に,え,ゆ,を,の,ま,さ,れ,る,）,NI,E,YU,WO,NO,MA,SA,RE,RU
二,階,か,ら,目,薬,（,に,か,い,か,ら,め,ぐ,す,り,）,NI,KA,I,KA,RA,ME,GU,SU,RI
逃,が,し,た,魚,は,大,き,い,（,の,が,し,た,さ,か,な,は,お,お,き,い,）,NO,GA,SI,TA,SA,KA,NA,HA,O,O,KI,I
苦,虫,を,噛,み,潰,す,（,に,が,む,し,を,か,み,つ,ぶ,す,）,NI,GA,MU,SI,WO,KA,MI,TU,BU,SU
憎,ま,れ,っ,子,世,に,憚,る,（,に,く,ま,れ,っ,こ,よ,に,は,ば,か,る,）,NI,KU,MA,RE,KKO,YO,NI,HA,BA,KA,RU
錦,を,衣,て,夜,行,く,が,如,し,（,に,し,き,を,き,て,よ,る,ゆ,く,が,ご,と,し,）,NI,SI,KI,WO,KI,TE,YO,RU,YU,KU,GA,GO,TO,SI
二,豎,（,に,じ,ゅ,）,NI,JU
似,た,も,の,夫,婦,（,に,た,も,の,ふ,う,ふ,）,NI,TA,MO,NO,FU,U,FU
二,度,あ,る,こ,と,は,三,度,あ,る,（,に,ど,あ,る,こ,と,は,さ,ん,ど,あ,る,）,NI,DO,A,RU,KO,TO,HA,SA,N,DO,A,RU
二,兎,を,追,う,者,は,一,兎,を,も,得,ず,（,に,と,を,お,う,も,の,は,い,っ,と,も,え,ず,）,NI,TO,WO,O,U,MO,NO,HA,I,TTO,MO,E,ZU
女,房,は,変,え,る,ほ,ど,悪,く,な,る,（,に,ょ,う,ぼ,う,は,か,え,る,ほ,ど,わ,る,く,な,る,）,N,YO,U,BO,U,HA,KA,E,RU,HO,DO,WA,RU,KU,NA,RU
女,房,は,質,に,置,い,て,も,朝,酒,は,止,め,ら,れ,ぬ,（,に,ょ,う,ぼ,う,は,し,ち,に,お,い,て,も,あ,さ,ざ,け,は,や,め,ら,れ,ぬ,）,N,YO,U,BO,U,HA,SI,TI,NI,O,I,TE,MO,A,SA,ZA,KE,HA,YA,ME,RA,RE,NU
糠,に,釘,（,ぬ,か,に,く,ぎ,）,NU,KA,NI,KU,GI
盗,人,に,追,い,銭,（,ぬ,す,っ,と,に,お,い,せ,ん,）,NU,SU,TTO,NI,O,I,SE,N,N
濡,れ,手,で,粟,（,ぬ,れ,て,で,あ,わ,）,NU,RE,TE,DE,A,WA
猫,に,小,判,（,ね,こ,に,こ,ば,ん,）,NE,KO,NI,KO,BA,N,N
猫,の,手,も,借,り,た,い,（,ね,こ,の,て,も,か,り,た,い,）,NE,KO,NO,TE,MO,KA,RI,TA,I
猫,を,被,る,（,ね,こ,を,か,ぶ,る,）,NE,KO,WO,KA,BU,RU
嚢,中,の,錐,（,の,う,ち,ゅ,う,の,き,り,）,NO,U,T,YU,U,NO,KI,RI
残,り,物,に,は,福,が,あ,る,（,の,こ,り,も,の,に,は,ふ,く,が,あ,る,）,NO,KO,RI,MO,NO,NI,HA,FU,KU,GA,A,RU
喉,元,過,ぎ,れ,ば,熱,さ,を,忘,れ,る,（,の,ど,も,と,す,ぎ,れ,ば,あ,つ,さ,を,わ,す,れ,る,）,NO,DO,MO,TO,SU,GI,RE,BA,A,TU,SA,WO,WA,SU,RE,RU
暖,簾,に,腕,押,し,（,の,れ,ん,に,う,で,お,し,）,NO,RE,NN,NI,U,DE,O,SI
背,水,の,陣,（,は,い,す,い,の,じ,ん,）,HA,I,SU,I,NO,JI,N,N
掃,き,溜,め,に,鶴,（,は,き,だ,め,に,つ,る,）,HA,KI,DA,ME,NI,TU,RU
破,鏡,（,は,き,ょ,う,）,HA,K,YO,U
白,眼,（,は,く,が,ん,）,HA,KU,GA,N,N
白,玉,楼,（,は,く,ぎ,ょ,く,ろ,う,）,HA,KU,G,YO,KU,RO,U
白,眉,（,は,く,び,）,HA,KU,BI
破,天,荒,（,は,て,ん,こ,う,）,HA,TE,N,KO,U
花,は,桜,木,人,は,武,士,（,は,な,は,さ,く,ら,ぎ,ひ,と,は,ぶ,し,）,HA,NA,HA,SA,KU,RA,GI,HI,TO,HA,BU,SI
花,よ,り,団,子,（,は,な,よ,り,だ,ん,ご,）,HA,NA,YO,RI,DA,N,GO
早,起,き,は,三,文,の,徳,（,は,や,お,き,は,さ,ん,も,ん,の,と,く,）,HA,YA,O,KI,HA,SA,N,MO,NN,NO,TO,KU
腹,も,身,の,内,（,は,ら,も,み,の,う,ち,）,HA,RA,MO,MI,NO,U,TI
張,子,の,虎,（,は,り,こ,の,と,ら,）,HA,RI,KO,NO,TO,RA
引,か,れ,者,の,小,唄,（,ひ,か,れ,も,の,の,こ,う,た,）,HI,KA,RE,MO,NO,NO,KO,U,TA
髭,の,塵,を,払,う,（,ひ,げ,の,ち,り,を,は,ら,う,）,HI,GE,NO,TI,RI,WO,HA,RA,U
庇,を,貸,し,て,母,屋,を,取,ら,れ,る,（,ひ,さ,し,を,か,し,て,お,も,や,を,と,ら,れ,る,）,HI,SA,SI,WO,KA,SI,TE,O,MO,YA,WO,TO,RA,RE,RU
尾,生,の,信,（,び,せ,い,の,し,ん,）,BI,SE,I,NO,SI,N,N
顰,に,効,う,（,ひ,そ,み,に,な,ら,う,）,HI,SO,MI,NI,NA,RA,U
人,を,呪,わ,ば,穴,二,つ,（,ひ,と,を,の,ろ,わ,ば,あ,な,ふ,た,つ,）,HI,TO,WO,NO,RO,WA,BA,A,NA,FU,TA,TU
髀,肉,之,嘆,（,ひ,に,く,の,た,ん,）,HI,NI,KU,NO,TA,N,N
火,の,な,い,と,こ,ろ,に,煙,は,立,た,ぬ,（,ひ,の,な,い,と,こ,ろ,に,け,む,り,は,た,た,ぬ,）,HI,NO,NA,I,TO,KO,RO,NI,KE,MU,RI,HA,TA,TA,NU
百,聞,は,一,見,に,如,か,ず,（,ひ,ゃ,く,ぶ,ん,は,い,っ,け,ん,に,し,か,ず,）,H,YA,KU,BU,N,HA,I,KKE,NN,NI,SI,KA,ZU
瓢,箪,か,ら,駒,（,ひ,ょ,う,た,ん,か,ら,こ,ま,）,H,YO,U,TA,N,KA,RA,KO,MA
瓢,箪,鯰,（,ひ,ょ,う,た,ん,な,ま,ず,）,H,YO,U,TA,NN,NA,MA,ZU
風,声,鶴,唳,（,ふ,う,せ,い,か,く,れ,い,）,FU,U,SE,I,KA,KU,RE,I
風,前,の,灯,し,火,（,ふ,う,ぜ,ん,の,と,も,し,び,）,FU,U,ZE,NN,NO,TO,MO,SI,BI
笛,吹,け,ど,も,踊,ら,ず,（,ふ,え,ふ,け,ど,も,お,ど,ら,ず,）,FU,E,FU,KE,DO,MO,O,DO,RA,ZU
覆,水,盆,に,反,ら,ず,（,ふ,く,す,い,ぼ,ん,に,か,え,ら,ず,）,FU,KU,SU,I,BO,NN,NI,KA,E,RA,ZU
武,士,は,食,わ,ね,ど,高,楊,枝,（,ぶ,し,は,く,わ,ね,ど,た,か,よ,う,じ,）,BU,SI,HA,KU,WA,NE,DO,TA,KA,YO,U,JI
豚,に,真,珠,（,ぶ,た,に,し,ん,じ,ゅ,）,BU,TA,NI,SI,N,JU
舟,に,刻,み,て,剣,を,求,む,（,ふ,ね,に,き,ざ,み,て,け,ん,を,も,と,む,）,FU,NE,NI,KI,ZA,MI,TE,KE,N,WO,MO,TO,MU
武,陵,桃,源,（,ぶ,り,ょ,う,と,う,げ,ん,）,BU,R,YO,U,TO,U,GE,N,N
焚,書,坑,儒,（,ふ,ん,し,ょ,こ,う,じ,ゅ,）,FU,N,S,HO,KO,U,JU
臍,が,茶,を,沸,か,す,（,へ,そ,が,ち,ゃ,を,わ,か,す,）,HE,SO,GA,T,YA,WO,WA,KA,SU
下,手,の,考,え,休,む,に,似,た,り,（,へ,た,の,か,ん,が,え,や,す,む,に,に,た,り,）,HE,TA,NO,KA,N,GA,E,YA,SU,MU,NI,NI,TA,RI
下,手,の,横,好,き,（,へ,た,の,よ,こ,ず,き,）,HE,TA,NO,YO,KO,ZU,KI
弁,慶,の,立,ち,往,生,（,べ,ん,け,い,の,た,ち,お,う,じ,ょ,う,）,BE,N,KE,I,NO,TA,TI,O,U,JO,U
弁,慶,の,泣,き,所,（,べ,ん,け,い,の,な,き,ど,こ,ろ,）,BE,N,KE,I,NO,NA,KI,DO,KO,RO
望,蜀,（,ぼ,う,し,ょ,く,）,BO,U,S,HO,KU
坊,主,憎,け,り,ゃ,袈,裟,ま,で,憎,い,（,ぼ,う,ず,に,く,け,り,ゃ,け,さ,ま,で,に,く,い,）,BO,U,ZU,NI,KU,KE,R,YA,KE,SA,MA,DE,NI,KU,I
墨,守,（,ぼ,く,し,ゅ,）,BO,KU,S,HU
仏,作,っ,て,魂,入,れ,ず,（,ほ,と,け,つ,く,っ,て,た,ま,し,い,い,れ,ず,）,HO,TO,KE,TU,KU,TTE,TA,MA,SI,I,I,RE,ZU
仏,の,顔,も,三,度,（,ほ,と,け,の,か,お,も,さ,ん,ど,）,HO,TO,KE,NO,KA,O,MO,SA,N,DO
蒔,か,ぬ,種,は,生,え,ぬ,（,ま,か,ぬ,た,ね,は,は,え,ぬ,）,MA,KA,NU,TA,NE,HA,HA,E,NU
馬,子,に,も,衣,装,（,ま,ご,に,も,い,し,ょ,う,）,MA,GO,NI,MO,I,S,HO,U
眉,毛,を,読,ま,れ,る,（,ま,ゆ,げ,を,よ,ま,れ,る,）,MA,YU,GE,WO,YO,MA,RE,RU
眉,に,唾,を,塗,る,（,ま,ゆ,に,つ,ば,を,ぬ,る,）,MA,YU,NI,TU,BA,WO,NU,RU
眉,に,火,が,付,く,（,ま,ゆ,に,ひ,が,つ,く,）,MA,YU,NI,HI,GA,TU,KU
真,綿,で,首,を,締,め,る,（,ま,わ,た,で,く,び,を,し,め,る,）,MA,WA,TA,DE,KU,BI,WO,SI,ME,RU
木,乃,伊,取,り,が,木,乃,伊,に,な,る,（,み,い,ら,と,り,が,み,い,ら,に,な,る,）,MI,I,RA,TO,RI,GA,MI,I,RA,NI,NA,RU
身,か,ら,出,た,錆,（,み,か,ら,で,た,さ,び,）,MI,KA,RA,DE,TA,SA,BI
水,と,油,（,み,ず,と,あ,ぶ,ら,）,MI,ZU,TO,A,BU,RA
味,噌,を,付,け,る,（,み,そ,を,つ,け,る,）,MI,SO,WO,TU,KE,RU
三,日,天,下,（,み,っ,か,て,ん,か,）,MI,KKA,TE,N,KA
三,日,坊,主,（,み,っ,か,ぼ,う,ず,）,MI,KKA,BO,U,ZU
三,つ,子,の,魂,百,ま,で,（,み,つ,ご,の,た,ま,し,い,ひ,ゃ,く,ま,で,）,MI,TU,GO,NO,TA,MA,SI,I,H,YA,KU,MA,DE
耳,を,掩,う,て,鐘,を,盗,む,（,み,み,を,お,お,う,て,か,ね,を,ぬ,す,む,）,MI,MI,WO,O,O,U,TE,KA,NE,WO,NU,SU,MU
六,日,の,菖,蒲,（,む,い,か,の,し,ょ,う,ぶ,）,MU,I,KA,NO,S,HO,U,BU
昔,取,っ,た,杵,柄,（,む,か,し,と,っ,た,き,ね,づ,か,）,MU,KA,SI,TO,TTA,KI,NE,DU,KA
矛,盾,（,む,じ,ゅ,ん,）,MU,JU,N,N
娘,一,人,に,婿,八,人,（,む,す,め,ひ,と,り,に,む,こ,は,ち,に,ん,）,MU,SU,ME,HI,TO,RI,NI,MU,KO,HA,TI,NI,N,N
胸,に,一,物,（,む,ね,に,い,ち,も,つ,）,MU,NE,NI,I,TI,MO,TU
無,理,が,通,れ,ば,道,理,が,引,っ,込,む,（,む,り,が,と,お,れ,ば,ど,う,り,が,ひ,っ,こ,む,）,MU,RI,GA,TO,O,RE,BA,DO,U,RI,GA,HI,KKO,MU
目,か,ら,鼻,へ,抜,け,る,（,め,か,ら,は,な,へ,ぬ,け,る,）,ME,KA,RA,HA,NA,HE,NU,KE,RU
目,屎,鼻,屎,を,笑,う,（,め,く,そ,は,な,く,そ,を,わ,ら,う,）,ME,KU,SO,HA,NA,KU,SO,WO,WA,RA,U
盲,蛇,に,怖,じ,ず,（,め,く,ら,へ,び,に,お,じ,ず,）,ME,KU,RA,HE,BI,NI,O,JI,ZU
目,に,は,目,、,歯,に,は,歯,（,め,に,は,め,、,は,に,は,は,）,ME,NI,HA,ME,、,HA,NI,HA,HA
目,の,上,の,瘤,（,め,の,う,え,の,こ,ぶ,）,ME,NO,U,E,NO,KO,BU
目,は,口,ほ,ど,に,物,を,言,う,（,め,は,く,ち,ほ,ど,に,も,の,を,い,う,）,ME,HA,KU,TI,HO,DO,NI,MO,NO,WO,I,U
孟,母,三,遷,の,教,え,（,も,う,ぼ,さ,ん,せ,ん,の,お,し,え,）,MO,U,BO,SA,N,SE,NN,NO,O,SI,E
餅,は,餅,屋,（,も,ち,は,も,ち,や,）,MO,TI,HA,MO,TI,YA
沐,猴,に,し,て,冠,す,（,も,っ,こ,う,に,し,て,か,ん,す,）,MO,KKO,U,NI,SI,TE,KA,N,SU
本,木,に,勝,る,末,木,な,し,（,も,と,き,に,ま,さ,る,う,ら,き,な,し,）,MO,TO,KI,NI,MA,SA,RU,U,RA,KI,NA,SI
元,の,鞘,に,納,ま,る,（,も,と,の,さ,や,に,お,さ,ま,る,）,MO,TO,NO,SA,YA,NI,O,SA,MA,RU
元,の,木,阿,弥,（,も,と,の,も,く,あ,み,）,MO,TO,NO,MO,KU,A,MI
桃,栗,三,年,柿,八,年,（,も,も,く,り,さ,ん,ね,ん,か,き,は,ち,ね,ん,）,MO,MO,KU,RI,SA,NN,NE,N,KA,KI,HA,TI,NE,N,N
焼,け,石,に,水,（,や,け,い,し,に,み,ず,）,YA,KE,I,SI,NI,MI,ZU
焼,け,野,の,雉,子,夜,の,鶴,（,や,け,の,の,き,ぎ,す,よ,る,の,つ,る,）,YA,KE,NO,NO,KI,GI,SU,YO,RU,NO,TU,RU
安,物,買,い,の,銭,失,い,（,や,す,も,の,が,い,の,ぜ,に,う,し,な,い,）,YA,SU,MO,NO,GA,I,NO,ZE,NI,U,SI,NA,I
柳,に,雪,折,れ,な,し,（,や,な,ぎ,に,ゆ,き,お,れ,な,し,）,YA,NA,GI,NI,YU,KI,O,RE,NA,SI
柳,の,下,に,い,る,も,泥,鰌,は,お,ら,ぬ,（,や,な,ぎ,の,し,た,に,い,る,も,ど,じ,ょ,う,は,お,ら,ぬ,）,YA,NA,GI,NO,SI,TA,NI,I,RU,MO,DO,JO,U,HA,O,RA,NU
藪,か,ら,棒,（,や,ぶ,か,ら,ぼ,う,）,YA,BU,KA,RA,BO,U
藪,を,突,突,い,て,蛇,を,出,す,（,や,ぶ,を,つ,つ,い,て,へ,び,を,だ,す,）,YA,BU,WO,TU,TU,I,TE,HE,BI,WO,DA,SU
病,膏,肓,に,入,る,（,や,ま,い,こ,う,こ,う,に,い,る,）,YA,MA,I,KO,U,KO,U,NI,I,RU
病,は,気,か,ら,（,や,ま,い,は,き,か,ら,）,YA,MA,I,HA,KI,KA,RA
山,高,き,が,故,に,尊,か,ら,ず,（,や,ま,た,か,き,が,ゆ,え,に,と,う,と,か,ら,ず,）,YA,MA,TA,KA,KI,GA,YU,E,NI,TO,U,TO,KA,RA,ZU
闇,夜,の,鉄,砲,（,や,み,よ,の,て,っ,ぽ,う,）,YA,MI,YO,NO,TE,PPO,U
雪,と,墨,（,ゆ,き,と,す,み,）,YU,KI,TO,SU,MI
雪,に,白,鷺,（,ゆ,き,に,し,ら,さ,ぎ,）,YU,KI,NI,SI,RA,SA,GI
油,断,大,敵,（,ゆ,だ,ん,た,い,て,き,）,YU,DA,N,TA,I,TE,KI
欲,に,目,が,眩,む,（,よ,く,に,め,が,く,ら,む,）,YO,KU,NI,ME,GA,KU,RA,MU
弱,り,目,に,祟,り,目,（,よ,わ,り,め,に,た,た,り,め,）,YO,WA,RI,ME,NI,TA,TA,RI,ME
楽,は,苦,の,種,、,苦,は,楽,の,種,（,ら,く,は,く,の,た,ね,、,く,は,ら,く,の,た,ね,）,RA,KU,HA,KU,NO,TA,NE,、,KU,HA,RA,KU,NO,TA,NE
洛,陽,の,紙,価,を,高,む,（,ら,く,よ,う,の,し,か,を,た,か,む,）,RA,KU,YO,U,NO,SI,KA,WO,TA,KA,MU
律,義,者,の,子,沢,山,（,り,ち,ぎ,も,の,の,こ,だ,く,さ,ん,）,RI,TI,GI,MO,NO,NO,KO,DA,KU,SA,N,N
梁,上,の,君,子,（,り,ょ,う,じ,ょ,う,の,く,ん,し,）,R,YO,U,JO,U,NO,KU,N,SI
両,手,に,花,（,り,ょ,う,て,に,は,な,）,R,YO,U,TE,NI,HA,NA
遼,東,の,豕,（,り,ょ,う,と,う,の,い,の,こ,）,R,YO,U,TO,U,NO,I,NO,KO
良,薬,は,口,に,苦,し,（,り,ょ,う,や,く,は,く,ち,に,に,が,し,）,R,YO,U,YA,KU,HA,KU,TI,NI,NI,GA,SI
類,は,友,を,呼,ぶ,（,る,い,は,と,も,を,よ,ぶ,）,RU,I,HA,TO,MO,WO,YO,BU
例,に,よ,っ,て,例,の,如,し,（,れ,い,に,よ,っ,て,れ,い,の,ご,と,し,）,RE,I,NI,YO,TTE,RE,I,NO,GO,TO,SI
壟,断,（,ろ,う,だ,ん,）,RO,U,DA,N,N
隴,を,得,て,蜀,を,望,む,（,ろ,う,を,え,て,し,ょ,く,を,の,ぞ,む,）,RO,U,WO,E,TE,S,HO,KU,WO,NO,ZO,MU
論,語,読,み,の,論,語,知,ら,ず,（,ろ,ん,ご,よ,み,の,ろ,ん,ご,し,ら,ず,）,RO,N,GO,YO,MI,NO,RO,N,GO,SI,RA,ZU
渡,り,に,船,（,わ,た,り,に,ふ,ね,）,WA,TA,RI,NI,FU,NE
渡,る,世,間,に,鬼,は,な,い,（,わ,た,る,せ,け,ん,に,お,に,は,な,い,）,WA,TA,RU,SE,KE,NN,NI,O,NI,HA,NA,I
笑,う,門,に,は,福,来,た,る,（,わ,ら,う,か,ど,に,は,ふ,く,き,た,る,）,WA,RA,U,KA,DO,NI,HA,FU,KU,KI,TA,RU
